[
    {
        "title": "Home",
        "icon": "bi bi-house",
        "path": "/"
    },
    {
        "title": "Staff",
        "icon": "bi bi-person",
        "children": [
            {
                "title": "Present Staff",
                "path": "/PresentStaffNew"
            },
            {
                "title": "Past Staff",
                "path": "/PastStaffNew"
            }
        ]
    },
    {
        "title": "General Elective Subjects",
        "icon": "bi bi-book",
        "path": "/GES"
    },
    {
        "title": "Booking System",
        "icon": "bi bi-journal-plus",
        "path": "https://www.skedda.com/"

    },
    {
        "title": "TEAL 2.0 Support and Development Center",
        "icon": "bi bi-file-easel",
        "children": [
            {
                "title": "Support and Development Center",
                "path": "/"
            },
            {
                "title": "TEAL 2.0 Seminar Series",
                "path": "/"
            }
        ]
    },
    {
        "title": "Admin Testing",
        "icon": "bi bi-journal-check",
        "children": [
            {
                "title": "Login",
                "path": "/LogIn"
            },
            {
                "title": "User Manual",
                "path": "/PastStaffCRUD"
            }
        ]
    },
    {
        "title": "Facilities",
        "icon": "bi bi-hash",
        "children": [
            {
                "title": "Seminar Room 1",
                "path": "/PresentStaffCRUD"
            },
            {
                "title": "Seminar Room 2",
                "path": "/LogInTest"
            },
            {
                "title": "Seminar Room 3",
                "path": "/"
            },
            {
                "title": "A/V Studio",
                "path": "/"
            },
            {
                "title": "EOE Perera Theater",
                "path": "/"
            },
            {
                "title": "Conference Room",
                "path": "/"
            },
            {
                "title": "Lecture Rooms",
                "path": "/"
            },
            {
                "title": "Public Addressing System",
                "path": "/"
            }
        ]
    },
    {
        "title": "Educational Support",
        "icon": "bi bi-hand-thumbs-up",
        "children": [
            {
                "title": "Videos of Events",
                "path": "/"
            
            },
            {
                "title": "Videos of Subjects",
                "path": "/"
            },
            {
                "title": "Videos of Subjects",
                "path": "/"
            },
            {
                "title": "Educational Videos",
                "path": "/"
            },
            {
                "title": "Videos about University",
                "path": "/"
            },
            {
                "title": "Public Educational Links",
                "path": "/"
            }
        ]
    },
    {
        "title": "Developments",
        "icon": "bi bi-journal-bookmark",
        "children": [
            {
                "title": "Recent Developments",
                "path": "/Development"
            }
        ]
    },
    {
        "title": "Help",
        "icon": "bi bi-hand-thumbs-up-fill",
        "children": [
            {
                "title": "Contact Us",
                "path": "/ContactUs"
            }
        ]
    }
]